ID,種別,区,カテゴリ,対象月,名称,開催期間,文化パスポート,写真,開催場所名,住所,詳細URL
1,イベント,八幡東区,遊ぶ,８月,いろんなスポーツを一気に体験！北九キッズスポーツＡＣＣＥＳＳ,8月9日,,1.png,北九州市立総合体育館,北九州市八幡東区八王寺町4-1,https://www.city.kitakyushu.lg.jp/contents/v016_00010.html
2,イベント,小倉北区,遊ぶ,７月,プラレール博 in KITAKYUSHU,7/18～20　7/25～7/26,,2.png,北九州メッセ,北九州市小倉北区浅野3-8-1,https://www.fbs.co.jp/plarail/
3,常設,門司区,遊ぶ,常設,ミニ鉄道公園・運転シミュレーター,常設,,,九州鉄道記念館,北九州市門司区清滝2-3-29,https://www.k-rhm.jp/
4,常設,門司区,遊ぶ,常設,海峡こども広場,常設,,4.png,関門海峡ミュージアム,北九州市門司区西海岸1-3-3,https://mojiko-retoro9.jp/spot/kanmon_kaikyo_museum/
5,イベント,門司区,遊ぶ,７月,夕暮れトロッコ・Sunset Train,"7/4~8/29
(毎週土曜日のみ)",,5.png,門司港レトロ観光列車「潮風号」,北九州市門司区西海岸1-7-1,https://www.retro-line.net/
6,常設,門司区,学ぶ,常設,体感型防災コンテンツ液状化通路浸水歩行体験,毎週日曜日,,6.png,関門海峡ミュージアム,北九州市門司区西海岸1-3-3,https://mojiko-retoro9.jp/spot/kanmon_kaikyo_museum/
7,常設,門司区,学ぶ,常設,海峡アトリウム、海峡体験ゾーン,常設,,,関門海峡ミュージアム,北九州市門司区西海岸1-3-3,https://mojiko-retoro9.jp/spot/kanmon_kaikyo_museum/
8,イベント,戸畑区,学ぶ,"７月,８月",井手康人展ー共鳴する祈り,7/11～8/30,,,美術館,北九州市戸畑区西鞘ケ谷町21-1,https://kmma.jp/
9,イベント,戸畑区,学ぶ,"７月,８月",コレクション展Ⅰ　特集　青柳喜兵衛　玉葱の画家の軌跡,5/16～8/16,,,美術館,北九州市戸畑区西鞘ケ谷町21-1,https://kmma.jp/
10,イベント,戸畑区,学ぶ,８月,美術館探検！,8月9日,,,美術館,北九州市戸畑区西鞘ケ谷町21-1,https://kmma.jp/
11,イベント,戸畑区,学ぶ,８月,ミュージアムコンサート「大西ゆかソプラノコンサート」,8月10日,,,美術館,北九州市戸畑区西鞘ケ谷町21-1,https://kmma.jp/
12,イベント,八幡東区,学ぶ,"７月,８月",「レッツ・チャレンジ！自由研究」,"7/25～27、
７/31～8/2",,,スペースLABO(北九州市科学館),北九州市八幡東区東田4-1-1,https://kitakyushuspacelabo.jp/
13,イベント,八幡東区,学ぶ,８月,サイエンスショー スペース LABO の夏祭り,8月2日,,,スペースLABO(北九州市科学館),北九州市八幡東区東田4-1-1,https://kitakyushuspacelabo.jp/
14,イベント,小倉北区,学ぶ,"７月,８月","パンダコパンダ展
－福岡・北九州市漫画ミュージアムの巻－",7/18~10/18,,,北九州市漫画ミュージアム,北九州市小倉北区浅野2-14-5,https://www.ktqmm.jp/
15,イベント,小倉北区,学ぶ,"７月,８月",漫画体験,7/25、8/9、8/22,,,北九州市漫画ミュージアム,北九州市小倉北区浅野2-14-5,https://www.ktqmm.jp/
16,イベント,小倉北区,学ぶ,"７月,８月",漫画スクール,7/26、8/1、8/23,,,北九州市漫画ミュージアム,北九州市小倉北区浅野2-14-5,https://www.ktqmm.jp/
17,イベント,小倉北区,遊ぶ,"７月,８月",カブト・クワガタ展,7/18～8/30,,,北九州市ほたる館,北九州市小倉北区熊谷2-5-1,https://hotarukan.jimdofree.com/
18,常設,小倉北区,学ぶ,常設,ホタル（卵～成虫）の発光・水生生物の常設展示,常設,,,北九州市ほたる館,北九州市小倉北区熊谷2-5-1,https://hotarukan.jimdofree.com/
19,常設,小倉北区,学ぶ,常設,パソコンでのホタル生態学習,常設,,,北九州市ほたる館,北九州市小倉北区熊谷2-5-1,https://hotarukan.jimdofree.com/
20,常設,八幡西区,学ぶ,常設,水生生物の常設展示,常設,,,香月・黒川ほたる館,北九州市八幡西区香月西4-6-1,https://www.city.kitakyushu.lg.jp/contents/05101142.html
21,常設,八幡西区,学ぶ,常設,パソコンでのホタル生態学習,常設,,,香月・黒川ほたる館,北九州市八幡西区香月西4-6-1,https://www.city.kitakyushu.lg.jp/contents/05101142.html
22,イベント,小倉北区,学ぶ,常設,水環境館,7/21～8/24,,,水環境館,北九州市小倉北区船場町1-2,https://mizukankyokan.jp/
23,イベント,小倉北区,学ぶ,８月,ヨシのもり【流域散策・生き物探し、竹竿で釣り体験、館内キャンプなど】,8/8～8/9,,,水環境館,北九州市小倉北区船場町1-2,https://mizukankyokan.jp/
24,イベント,小倉北区,学ぶ,８月,紫川ながれ隊！【紫川上流域での川流れ体験、川の生き物採集と観察】,8/15～8/16,,,水環境館,北九州市小倉北区船場町1-2,https://mizukankyokan.jp/
25,イベント,若松区,遊ぶ,"７月,８月",グリーンパークの「水遊び」,7/19～9/7,,,北九州市立響灘緑地（グリーンパーク）,北九州市若松区竹並1006,https://hibikinadagp.org/
26,イベント,若松区,遊ぶ,"７月,８月",夏のひんやりスタンプラリー,7/19～9/7【土日祝のみ】,,,北九州市立響灘緑地（グリーンパーク）,北九州市若松区竹並1006,https://hibikinadagp.org/
27,イベント,若松区,学ぶ,"７月,８月",小学生向けサマースクール（お米講座・ポニー飼育講座・カンガルー講座など）,,,,北九州市立響灘緑地（グリーンパーク）,北九州市若松区竹並1006,https://hibikinadagp.org/
28,イベント,若松区,遊ぶ,"７月,８月",カブトムシ・クワガタムシの販売,,,,北九州市立響灘緑地（グリーンパーク）,北九州市若松区竹並1006,https://hibikinadagp.org/
29,イベント,戸畑区,遊ぶ,"７月,８月",スイカ割り【冷やしスイカも食べれる！】,"①7/17-19②8/1,2③8/8,9,11各日9時半～と11時～",,,旧安川邸,北九州市戸畑区一枝1-4-23,https://www.yaskawatei.org/
30,イベント,戸畑区,遊ぶ,7月,夏休みキッズW邸宅ひみつ発見ツアー！,①7/22(水)②7/26(日)　各日10時～11時,,,旧安川邸,北九州市戸畑区一枝1-4-23,https://www.yaskawatei.org/
31,イベント,戸畑区,遊ぶ,7月,オトの日　無料演奏会,7/20　①11時　　②12時半,,,旧安川邸,北九州市戸畑区一枝1-4-23,https://www.yaskawatei.org/
32,イベント,戸畑区,遊ぶ,7月,子ども茶道体験講座,7/25(土)　①13時　②14時　③15時　各40分,,,旧安川邸,北九州市戸畑区一枝1-4-23,https://www.yaskawatei.org/
33,イベント,戸畑区,遊ぶ,7月,北九州の怖いおはなしを上演,7/26(日)　①11時～②12時～　各30分,,,旧安川邸,北九州市戸畑区一枝1-4-23,https://www.yaskawatei.org/
34,イベント,戸畑区,学ぶ,8月,切り絵クリエーターKEN 原画展『涼』～ねこの通り道ひとやすみ～,8月上旬予定,,,旧安川邸,北九州市戸畑区一枝1-4-23,https://www.yaskawatei.org/
35,イベント,小倉北区,遊ぶ,未定,夕涼み,時期未定,,,山田緑地,北九州市小倉北区山田町,https://yamada-park.jimdofree.com/
36,イベント,小倉北区,遊ぶ,未定,水まつり,時期未定,,,山田緑地,北九州市小倉北区山田町,https://yamada-park.jimdofree.com/
37,イベント,小倉北区,遊ぶ,未定,森の映画館,時期未定,,,山田緑地,北九州市小倉北区山田町,https://yamada-park.jimdofree.com/
38,イベント,小倉北区,遊ぶ,"７月,８月",Itozu Yoru Zoo ～夜の動物園～2026～,7/18-8/31,,zoo.jpg,到津の森公園,北九州市小倉北区上到津4-1-8,https://www.itozu-zoo.jp/
39,イベント,門司区,遊ぶ,7月,植物クラフト「藍の生葉染め体験」,7月下旬【詳しきはHPへ！】,,,白野江植物公園,北九州市門司区白野江2-7-5,https://shiranoe.com/
40,イベント,門司区,遊ぶ,8月,昔ながらの麦わら細工「蛍籠づくり」,8月1日,,,白野江植物公園,北九州市門司区白野江2-7-5,https://shiranoe.com/
41,イベント,門司区,遊ぶ,8月,虫よけに！竹製オニヤンマづくり,8月11日,,,白野江植物公園,北九州市門司区白野江2-7-5,https://shiranoe.com/
42,イベント,門司区,遊ぶ,8月,8月無料入園,8月中,,,白野江植物公園,北九州市門司区白野江2-7-5,https://shiranoe.com/
43,イベント,小倉南区,遊ぶ,7月,平尾台ナイトパーク,7/25～26,,,ソラランド平尾台（平尾台自然の郷）,北九州市小倉南区平尾台1-1-1,https://cocokite-yokatta.jp/
44,イベント,小倉南区,遊ぶ,7月,ピクニックコンサート,7/25・27,,,ソラランド平尾台（平尾台自然の郷）,北九州市小倉南区平尾台1-1-1,https://cocokite-yokatta.jp/
45,イベント,小倉南区,遊ぶ,8月,ペルセウス座流星群鑑賞会,8月12日,,,ソラランド平尾台（平尾台自然の郷）,北九州市小倉南区平尾台1-1-1,https://cocokite-yokatta.jp/
46,常設,小倉北区,学ぶ,常設,フリー（学習）スペース,常設,,,生涯学習総合センター,北九州市小倉北区大門1-6-43,https://www.city.kitakyushu.lg.jp/contents/924_01392.html
47,常設,八幡西区,学ぶ,常設,フリー（学習）スペース,常設,,,八幡西総合センター,北九州市八幡西区黒崎3-15-3,https://www.city.kitakyushu.lg.jp/contents/924_01409.html
48,常設,門司区,学ぶ,常設,フリー（学習）スペース,常設,,,門司大里分館,北九州市門司区下馬寄6-8,https://www.city.kitakyushu.lg.jp/kyouiku/file_0391.html
49,常設,小倉南区,学ぶ,常設,フリー（学習）スペース,常設,,,小倉南生涯学習センター,北九州市小倉南区若園5-1-5,https://www.city.kitakyushu.lg.jp/contents/924_01608.html
50,常設,八幡東区,学ぶ,常設,フリー（学習）スペース,常設,,,八幡東尾倉分館,北九州市八幡東区尾倉2-6-6,https://www.city.kitakyushu.lg.jp/contents/2016_0499_00006.html
51,常設,八幡西区,学ぶ,常設,フリー（学習）スペース,常設,,,八幡西折尾分館,北九州市八幡西区南鷹見町6-1,https://www.city.kitakyushu.lg.jp/contents/2016_0499.html
52,常設,戸畑区,学ぶ,常設,フリー（学習）スペース,常設,,,戸畑生涯学習センター,北九州市戸畑区中本町7-20,https://www.city.kitakyushu.lg.jp/contents/2016_0500.html
53,イベント,小倉北区,学ぶ,イベント,「ネイチャーポジティブ入門」講座,7/24～8/28（全5回）,,,生涯学習総合センター,北九州市小倉北区大門1-6-43,https://cocokite-yokatta.jp/
54,イベント,門司区,学ぶ,7月，8月,未来のまちと学びを支える人材育成事業,7/20・7/26・8/11,,,萩ケ丘市民センター,北九州市門司区下二十町3-7,https://www.ktqc01.net/moji/hosf/
55,常設,小倉北区,学ぶ,常設,平和のまちミュージアム,常設,,,平和のまちミュージアム,北九州市小倉北区城内4-10,https://kitakyushu-peacemuseum.jp/
56,イベント,小倉北区,学ぶ,常設,兵隊さんのまち～北方兵営とその周辺から,4/29～8/30,,,平和のまちミュージアム,北九州市小倉北区城内4-10,https://kitakyushu-peacemuseum.jp/
57,ボランティア,全区,学ぶ,常設,コミュニティ・クルー,常設,,,各市民センター,北九州市内各所,
58,お得,門司区,遊ぶ,7月，8月,九州鉄道記念館,,ポストカードをプレゼント,,,福岡県北九州市門司区清滝2-3-29,http://www.k-r.jp/
59,お得,門司区,遊ぶ,7月，8月,旧門司三井倶楽部,,入場料無料,,,福岡県北九州市門司区港町7-1,https://www.mojiko.info/spot/mitsui/
60,お得,門司区,遊ぶ,7月，8月,松永文庫,,「松永文庫マグネット」をプレゼント,,,福岡県北九州市門司区旧門司1-7-1 旧大連航路上屋1F,https://www.mojiko.info/spot/matsunaga/
61,お得,門司区,遊ぶ,7月，8月,門司電気通信レトロ館,,糸電話をプレゼント,,,福岡県北九州市門司区浜町4-1,https://www.ntt-west.co.jp/kitakyu/retoro/
62,お得,小倉北区,遊ぶ,7月，8月,小倉城,,入場料無料、ステッカーをプレゼント,,,福岡県北九州市小倉北区城内2-1,https://www.kokura-castle.jp/
63,お得,小倉北区,遊ぶ,7月，8月,小倉城庭園,,入場料無料、ステッカーをプレゼント,,,福岡県北九州市小倉北区城内1-2,https://www.kokura-castle.jp/teien/
64,お得,小倉北区,遊ぶ,7月，8月,文学館（北九州市立文学館）,,入館料無料,,,福岡県北九州市小倉北区城内4-1,https://www.kitakyushucity-bungakukan.jp/
65,お得,小倉北区,遊ぶ,7月，8月,平和のまちミュージアム,,入館料無料,,,福岡県北九州市小倉北区城内4-10,https://www.kitakyushu-peacemuseum.jp/
66,お得,小倉北区,遊ぶ,7月，8月,松本清張記念館,,入館料無料,,,福岡県北九州市小倉北区城内2-3,https://seicho-mic.jp/
67,お得,八幡東区,遊ぶ,7月，8月,官営八幡製鐵所旧本事務所 眺望スペース,,ポストカードなどをプレゼント,,,福岡県北九州市八幡東区枝光5丁目,https://www.city.kitakyushu.lg.jp/kikaku/2000034.html
68,お得,八幡西区,遊ぶ,7月，8月,長崎街道木屋瀬宿記念館,,特製メモ帳をプレゼント,,,福岡県北九州市八幡西区木屋瀬3-16-26,https://koyanese.jp/
69,お得,中間市,遊ぶ,7月，8月,遠賀川水源地ポンプ室 インフォメーションセンター,,世界遺産グッズプレゼント（先着100名）,,,福岡県中間市土手ノ内1-3-1,https://www.city.nakama.fukuoka.jp/soshiki/22/2855.html
70,お得,遠賀町,遊ぶ,7月，8月,遠賀町ふれあいの里 民俗資料館,,（特典の記載なし）,,,福岡県遠賀郡遠賀町浅木2-29-1,https://www.town.onga.lg.jp/soshiki/17/1271.html
71,お得,芦屋町,遊ぶ,7月，8月,芦屋釜の里,,入場料割引 (小中学生100円→50円),,,福岡県遠賀郡芦屋町山鹿1558-3,https://ashiyagama.com/
72,お得,芦屋町,遊ぶ,7月，8月,芦屋歴史の里（芦屋町歴史民俗資料館）,,入場料割引 (小中学生100円→50円),,,福岡県遠賀郡芦屋町山鹿1200,https://www.town.ashiya.fukuoka.jp/soshiki/16/2324.html
73,お得,水巻町,遊ぶ,7月，8月,水巻町歴史資料館,,みずまろステッカープレゼント,,,福岡県遠賀郡水巻町頃末北3-10-1,https://www.town.mizumaki.lg.jp/soshiki/26/1126.html
74,お得,直方市,遊ぶ,7月，8月,石炭記念館,,プチ文具セットプレゼント（先着15名）,,,福岡県直方市直方692-4,https://yumenity.jp/sekitan/
75,お得,鞍手町,遊ぶ,7月，8月,鞍手町歴史民俗博物館,,くらて水引のしおりプレゼント（先着30名）,,,福岡県鞍手郡鞍手町小牧2085,https://www.town.kurate.fukuoka.jp/kankou/bunkazai/rekimin.html
76,お得,宮若市,遊ぶ,7月，8月,石炭記念館,,オリジナルグッズ（限定絵ハガキ）プレゼント,,,福岡県宮若市本城1456,https://www.city.miyawaka.lg.jp/kiji0034371/index.html
77,お得,宮若市,遊ぶ,7月，8月,竹原古墳,,入館料無料,,,福岡県宮若市竹原,https://www.city.miyawaka.lg.jp/kiji0034372/index.html
78,お得,宮若市,遊ぶ,7月，8月,宮若トレッジ,,オリジナルグッズプレゼント,,,福岡県宮若市宮田29-1,https://www.city.miyawaka.lg.jp/kiji0035084/index.html
79,お得,豊前市,遊ぶ,7月，8月,求菩提資料館,,夏休み限定ポストカードプレゼント,,,福岡県豊前市鳥井畑247,https://www.buzen-kk.jp/nature/kuboteshiryoukan/
80,お得,行橋市,遊ぶ,7月，8月,行橋赤レンガ館,,一部メニューの割引,,,福岡県行橋市大橋3-7-14,https://www.city.yukuhashi.fukuoka.jp/site/bunka/10134.html
81,お得,行橋市,遊ぶ,7月，8月,行橋市歴史資料館,,オリジナルクリアファイルプレゼント,,,福岡県行橋市中央1-9-3,https://www.city.yukuhashi.fukuoka.jp/site/rekishi/
82,お得,苅田町,遊ぶ,7月，8月,石塚山古墳,,クリアファイルプレゼント,,,福岡県京都郡苅田町富海,https://www.town.kanda.lg.jp/soshiki/27/1169.html
83,お得,上毛町,遊ぶ,7月，8月,大ノ瀬官衛遺跡,,ジェラート割引(50円引き),,,福岡県築上郡上毛町大ノ瀬,https://www.town.koge.lg.jp/soshiki/4/1041.html
84,お得,下関市,遊ぶ,7月，8月,川棚温泉交流センター（烏山民俗資料館）,,鶴寿しめ飾りポスタープレゼント（先着50名）,,,山口県下関市豊浦町川棚5180,https://www.kawatanagrandhotel.com/
85,お得,下関市,遊ぶ,7月，8月,豊北歴史民俗資料館 太翔館,,オリジナルカードプレゼント,,,山口県下関市豊北町滝部3153-1,https://www.city.shimonoseki.lg.jp/site/taishokan/
86,お得,下関市,遊ぶ,7月，8月,下関市立考古博物館,,オリジナルクリアファイルプレゼント,,,山口県下関市綾羅木字岡454,https://www.shimonoseki-koukohaku.jp/
87,お得,下関市,遊ぶ,7月，8月,下関市立東行記念館,,オリジナル缶バッジプレゼント,,,山口県下関市吉田町1184,https://www.city.shimonoseki.lg.jp/site/tougyou/
88,お得,下関市,遊ぶ,7月，8月,下関市立歴史博物館,,オリジナル缶バッジプレゼント,,,山口県下関市長府川端2-2-27,https://www.shimohaku.jp/
89,お得,下関市,遊ぶ,7月，8月,旧下関英国領事館,,参加賞プレゼント,,,山口県下関市唐戸町4-11,https://www.kyueikoku.com/
90,お得,下関市,遊ぶ,7月，8月,長府毛利邸,,ノベルティプレゼント（先着30名）,,,山口県下関市長府惣社町4-10,https://s-kanrikousha.com/mouritei.html
91,お得,下関市,遊ぶ,7月，8月,土井ヶ浜遺跡・人類学ミュージアム,,ミュージアムで育てた赤米プレゼント,,,山口県下関市豊北町神田上891-8,https://www.doigahama.jp/
92,お得,長門市,遊ぶ,7月，8月,長門市総合文化財センター（ヒストリアながと）,,景品プレゼント,,,山口県長門市日置上2636,https://www.city.nagato.yamaguchi.jp/soshiki/33/1930.html
93,お得,長門市,遊ぶ,7月，8月,村田清風記念館,,絵葉書(8種類)から1枚プレゼント,,,山口県長門市三隅下2510-1,https://www.city.nagato.yamaguchi.jp/soshiki/33/1931.html
94,お得,長門市,遊ぶ,7月，8月,くじら資料館,,入館料無料,,,山口県長門市通671-17,https://nanavi.jp/sightseeing/kujirashiryokan/
95,お得,門司区,遊ぶ,7月，8月,関門海峡ミュージアム,,入場料無料,,,福岡県北九州市門司区西海岸1-3-3,https://kanmon-kaikyo-museum.jp/
96,お得,門司区,遊ぶ,7月，8月,門司港レトロ展望室,,入場料無料,,,福岡県北九州市門司区東港町1-32,https://mojiko-retoro9.jp/spot/observatory/
97,お得,小倉北区,遊ぶ,7月，8月,北九州交通公園・市立交通安全センター,,交通安全グッズプレゼント,,,福岡県北九州市小倉北区井堀5-1-1,https://www.kotsu-park.jp/
98,お得,小倉北区,遊ぶ,7月，8月,北九州市立介護実習・普及センター,,オリジナルチャームプレゼント,,,福岡県北九州市小倉北区馬借1-7-1,https://www.kitakyushushakyo.or.jp/fukushi/kaigocenter.html
99,お得,小倉南区,遊ぶ,7月，8月,北九州空港,,オリジナル定規プレゼント（※配布終了）,,,福岡県北九州市小倉南区空港北町6,https://www.kitakyu-air.jp/
100,お得,八幡東区,遊ぶ,7月，8月,皿倉山ケーブルカー・スロープカー,,往復通し券 中学生200円引、小学生以下90円引,,,福岡県北九州市八幡東区大字尾倉1481-1,https://www.sarakurayama-cablecar.co.jp/
101,お得,八幡西区,遊ぶ,7月，8月,子どもの館,,まちかど探偵1回無料,,,福岡県北九州市八幡西区黒崎3-15-3 COM CITY 7階,https://www.kodomo-how.com/
102,お得,八幡西区,遊ぶ,7月，8月,REDEE 北九州イノベーションセンター店,,マイクラプログラミングWS入場料半額,,,福岡県北九州市八幡西区美吉野町16,https://redee.co.jp/kitakyushu/
103,お得,岡垣町,遊ぶ,7月，8月,こども未来館,,（特典の記載なし）,,,福岡県遠賀郡岡垣町中央台3-1-1,https://www.town.okagaki.lg.jp/soshiki/17/14660.html
104,お得,下関市,遊ぶ,7月，8月,オーヴィジョン海峡ゆめタワー,,タワー利用料2割引など,,,山口県下関市豊前田町3-3-1,https://www.yumetower.jp/
105,お得,下関市,遊ぶ,7月，8月,しものせき水族館「海響館」,,オリジナル缶バッチプレゼント,,,山口県下関市あるかぽーと6-1,https://www.kaikyokan.com/
106,お得,下関市,遊ぶ,7月，8月,下関フィッシングパーク,,利用料割引,,,山口県下関市吉母字御崎,https://www.s-fishingpark.jp/
107,お得,下関市,遊ぶ,7月，8月,リフレッシュパーク豊浦,,ポケットテイッシュ(2個)プレゼント,,,山口県下関市豊浦町川棚2035-9,https://www.refre-toyoura.com/
108,お得,長門市,遊ぶ,7月，8月,青海島観光汽船株式会社,,乗船料金割引 (各コース300円引き),,,山口県長門市仙崎字漁港南4297-2,https://www.omijimakankoukisen.jp/
109,お得,門司区,遊ぶ,7月，8月,わたせせいぞうギャラリー,,入場料無料,,,福岡県北九州市門司区港町7-18 旧大阪商船内,https://www.mojiko.info/spot/watase/
110,お得,小倉北区,遊ぶ,7月，8月,漫画ミュージアム,,常設展の入館料無料,,,福岡県北九州市小倉北区浅野2-14-5 あるあるCity 5・6階,https://www.ktqmm.jp/
111,お得,八幡東区,遊ぶ,7月，8月,いのちのたび博物館,,常設展の入館料無料,,,福岡県北九州市八幡東区東田2-4-1,https://www.kmnh.jp/
112,お得,八幡東区,遊ぶ,7月，8月,スペースLABO（北九州市科学館）,,常設展・プラネタリウムの入館料無料,,,福岡県北九州市八幡東区東田4-1-1,https://kitakyushucity-science-museum.jp/
113,お得,戸畑区,遊ぶ,7月，8月,美術館本館,,コレクション展Iの観覧料無料,,,福岡県北九州市戸畑区西鞘ヶ谷町21-1,https://kmma.jp/
114,お得,直方市,遊ぶ,7月，8月,直方市谷尾美術館,,プチ文具セットプレゼント（先着15名）,,,福岡県直方市殿町10-35,https://yumenity.jp/tanio/
115,お得,行橋市,遊ぶ,7月，8月,行橋市増田美術館,,オリジナルクリアファイルプレゼント,,,福岡県行橋市行事5-4-38,https://www.city.yukuhashi.fukuoka.jp/site/masuda/
116,お得,下関市,遊ぶ,7月，8月,しものせき環境みらい館,,牛乳パックはがき・廃油石鹸プレゼント,,,山口県下関市古屋町1-18-1,https://www.kankyomiraikan.jp/
117,お得,下関市,遊ぶ,7月，8月,下関市立近代先人顕彰館（田中絹代ぶんか館）,,先人ミニ事典やペーパークラフトプレゼント,,,山口県下関市唐戸町4-11,https://kinuyo-bunka.jp/
118,お得,下関市,遊ぶ,7月，8月,下関市立美術館,,オリジナルシールセットプレゼント（先着100名）,,,山口県下関市長府黒門東町1-1,https://www.city.shimonoseki.lg.jp/site/art/
119,お得,長門市,遊ぶ,7月，8月,香月泰男美術館,,入場料割引 (小中学生200円→150円),,,山口県長門市三隅中226,https://kazukiyasuo.com/
120,お得,長門市,遊ぶ,7月，8月,金子みすゞ記念館,,入場料割引 (小中学生200円→150円),,,山口県長門市仙崎1308,https://www.city.nagato.yamaguchi.jp/site/misuzu/
121,お得,長門市,遊ぶ,7月，8月,長門おもちゃ美術館,,入館料割引 (100円引き),,,山口県長門市仙崎4297-1,https://www.nagato-toymuseum.com/
122,お得,長門市,遊ぶ,7月，8月,藤光海風堂 本店,,チーズころんプレゼント（先着30名）,,,山口県長門市東深川2537-1,https://fujimitsu.jp/
123,お得,門司区,遊ぶ,7月，8月,白野江植物公園,,入園料無料,,,福岡県北九州市門司区白野江2丁目,https://www.shiranoe.com/
124,お得,小倉北区,遊ぶ,7月，8月,到津の森公園,,入園料無料,,,福岡県北九州市小倉北区上到津4-1-8,https://www.itozu-zoo.jp/
125,お得,小倉北区,遊ぶ,7月，8月,北九州市ほたる館,,（特典の記載なし）,,,福岡県北九州市小倉北区熊谷2-5-1,https://hotarukan.net/
126,お得,小倉北区,遊ぶ,7月，8月,水環境館,,（特典の記載なし）,,,福岡県北九州市小倉北区船場町1-2,https://mizukankyokan.jp/
127,お得,小倉南区,遊ぶ,7月，8月,ソラランド平尾台（平尾台自然の郷）,,ノベルティグッズプレゼント,,,福岡県北九州市小倉南区平尾台1-1-1,https://hiraodai.jp/sato/
128,お得,小倉南区,遊ぶ,7月，8月,平尾台自然観察センター,,オリジナルグッズプレゼント（先着100名）,,,福岡県北九州市小倉南区平尾台1-4-40,https://hiraodai.jp/hnoc/
129,お得,若松区,遊ぶ,7月，8月,エコタウンセンター,,エコグッズプレゼント（先着100名）,,,福岡県北九州市若松区向洋町10-20,https://www.kitaq-ecotown.com/
130,お得,若松区,遊ぶ,7月，8月,北九州市響灘ビオトープ,,オリジナルステッカープレゼント,,,福岡県北九州市若松区響町1-112,https://www.hibikinadabiotop.com/
131,お得,若松区,遊ぶ,7月，8月,白島展示館,,文房具等プレゼント,,,福岡県北九州市若松区大字安瀬,https://www.city.kitakyushu.lg.jp/kankyou/file_0149.html
132,お得,若松区,遊ぶ,7月，8月,響灘緑地グリーンパーク,,入園料無料,,,福岡県北九州市若松区竹並1006,https://hibikinadagp.org/
133,お得,若松区,遊ぶ,7月，8月,脇田海釣り桟橋,,入場料金割引 (小中学生500円→300円),,,福岡県北九州市若松区大字安屋,https://www.city.kitakyushu.lg.jp/sangyou/file_0159.html
134,お得,八幡東区,遊ぶ,7月，8月,タカミヤ環境ミュージアム,,ふせんプレゼント,,,福岡県北九州市八幡東区東田2-2-6,https://eco-museum.com/
135,お得,八幡西区,遊ぶ,7月，8月,香月・黒川ほたる館,,（特典の記載なし）,,,福岡県北九州市八幡西区香月西4-6-1,https://www.city.kitakyushu.lg.jp/kensetu/file_0167.html
136,お得,岡垣町,遊ぶ,7月，8月,いこいの里,,入浴施設利用料無料（期間中1回）,,,福岡県遠賀郡岡垣町高倉598-1,https://www.town.okagaki.lg.jp/soshiki/17/2805.html
137,お得,岡垣町,遊ぶ,7月，8月,観光ステーション北斗七星,,レンタサイクル100円引き,,,福岡県遠賀郡岡垣町波津,https://okagaki-kankou.com/hokutoshichisei/
138,お得,行橋市,遊ぶ,7月，8月,長井浜公園,,バナナボードとスキービスケット半額,,,福岡県行橋市長井,https://nagaihama.com/
139,お得,水巻町,遊ぶ,7月，8月,遠賀川河口堰資料室,,防災ライト＆ホイッスルプレゼント,,,福岡県遠賀郡水巻町立屋敷1-14-1,https://www.town.mizumaki.lg.jp/soshiki/26/1125.html
140,お得,下関市,遊ぶ,7月，8月,長府庭園,,ポストカードプレゼント（先着100名）,,,山口県下関市長府黒門東町8-11,https://s-kanrikousha.com/chofuteien.html
141,お得,下関市,遊ぶ,7月，8月,つのしま自然館,,プレゼント（先着100名）,,,山口県下関市豊北町角島893-1,https://www.city.shimonoseki.lg.jp/site/tsunoshima-museum/
142,お得,下関市,遊ぶ,7月，8月,豊田湖畔公園,,レンタル品モルックセット無料,,,山口県下関市豊田町地吉348,https://toyotakohan.com/
143,お得,下関市,遊ぶ,7月，8月,豊田ホタルの里ミュージアム,,ペーパークラフトプレゼント,,,山口県下関市豊田町中村50-3,https://www.city.shimonoseki.lg.jp/site/hotaru/
144,常設,門司区,学ぶ,常設,こどもまちなかスペース,,,,ゆめマート門司店　2階スペース,北九州市門司区柳町2丁目5番5号,https://www.city.kitakyushu.lg.jp/contents/11500218.html
145,常設,小倉北区,学ぶ,常設,こどもまちなかスペース,,,,AIMビル2階,北九州市小倉北区浅野3丁目8番1号,https://www.city.kitakyushu.lg.jp/contents/11500219.html
146,常設,小倉北区,学ぶ,常設,北九州市立図書館,,,,北九州市立図書館,北九州市小倉北区城内4番1号,https://www.toshokan.city.kitakyushu.jp/guide/post-20.html
147,常設,小倉北区,学ぶ,常設,北九州市立こども図書館,,,,北九州市立図書館,北九州市小倉北区城内4番1号,https://www.toshokan.city.kitakyushu.jp/kodomotoshokan/
148,常設,小倉南区,学ぶ,常設,そねっと,,,,小倉南図書館曽根分館(そねっと),北九州市小倉南区下曽根四丁目22番1号　曽根出張所2階,https://www.city.kitakyushu.lg.jp/kyouiku/file_0387.html
149,常設,門司区,学ぶ,常設,門司図書館大里分館,,,,門司図書館大里分館,北九州市門司区高田二丁目2番18号　大里柳市民センター2階,https://www.city.kitakyushu.lg.jp/kyouiku/file_0391.html
150,常設,若松区,学ぶ,常設,若松図書館島郷分館,,,,若松図書館島郷分館,北九州市若松区鴨生田二丁目1番1号　島郷合同庁舎2階,https://www.city.kitakyushu.lg.jp/kyouiku/file_0393.html
151,常設,八幡西区,学ぶ,常設,八幡図書館折尾分館,,,,八幡図書館折尾分館,北九州市八幡西区堀川町5番23号　オリオンテラス内,https://www.city.kitakyushu.lg.jp/kyouiku/file_0397.html
152,常設,戸畑区,学ぶ,常設,戸畑図書館,,,,戸畑図書館,北九州市戸畑区新池一丁目1番1号,https://www.city.kitakyushu.lg.jp/kyouiku/file_0399.html
153,常設,若松区,学ぶ,常設,学術情報センター,,,,学術情報センター,北九州市若松区ひびきの1番3号北九州学術研究都市内,https://www.city.kitakyushu.lg.jp/kyouiku/file_0403.html
154,常設,小倉南区,学ぶ,常設,小倉南図書館,,,,小倉南図書館,北九州市小倉南区若園四丁目1番60号,https://www.city.kitakyushu.lg.jp/kyouiku/03700233.html
155,常設,門司区,学ぶ,常設,門司図書館,,,,門司図書館,北九州市門司区老松町3番3号,https://www.city.kitakyushu.lg.jp/kyouiku/file_0390.html
156,常設,若松区,学ぶ,常設,若松図書館,,,,若松図書館,北九州市若松区本町三丁目11番1号　ベイサイドプラザ若松3階,https://www.city.kitakyushu.lg.jp/kyouiku/file_0392.html
157,常設,八幡東区,学ぶ,常設,八幡図書館,,,,八幡図書館,北九州市八幡東区尾倉二丁目6番1号,https://www.city.kitakyushu.lg.jp/kyouiku/file_0394.html
158,常設,八幡西区,学ぶ,常設,八幡図書館八幡南分館,,,,八幡図書館八幡南分館,北九州市八幡西区茶屋の原一丁目6番1号　八幡南出張所2階,https://www.city.kitakyushu.lg.jp/kyouiku/file_0398.html
159,常設,小倉北区,学ぶ,常設,ムーブ図書・情報室,,,,ムーブ図書・情報室,北九州市小倉北区大手町11番4号ムーブ1階,https://www.city.kitakyushu.lg.jp/kyouiku/file_0402.html
160,常設,門司区,学ぶ,常設,門司図書館新門司分館,,,,門司図書館新門司分館,北九州市門司区吉志新町二丁目1番1号　新門司地区複合公共施設1階,https://www.city.kitakyushu.lg.jp/kyouiku/file_0404.html
161,常設,八幡西区,学ぶ,常設,八幡西図書館,,,,八幡西図書館,北九州市八幡西区岸の浦2-2-1（黒崎ひびしんホール横）,http://yahatanishi-library.jp/
162,常設,八幡西区,遊ぶ,常設,北九州市立こどもの館,,,,北九州市立こどもの館,北九州市八幡西区黒崎三丁目15番3号　COMCITY 7階,https://www.kodomo-how.com/
163,常設,小倉北区,遊ぶ,常設,元気のもり,,,,元気のもり,北九州市小倉北区浅野3丁目8番1号AIMビル3階,https://www.kodomo-how.com/event/2026/07/
164,イベント,八幡西区,遊ぶ,７月,七夕おたのしみ会,7/4 13：00〜13：45,,,北九州市立こどもの館,北九州市八幡西区黒崎三丁目15番3号　COMCITY 7階,https://www.kodomo-how.com/event/2026/08/
165,イベント,八幡西区,遊ぶ,７月,おはなしの会,7/4  14：00〜,,,北九州市立こどもの館,北九州市八幡西区黒崎三丁目15番3号　COMCITY 7階,https://www.kodomo-how.com/event/2026/09/
166,イベント,八幡西区,遊ぶ,７月,食事チェック！～SATシステムを使って～,7/5  14：00〜,,,北九州市立こどもの館,北九州市八幡西区黒崎三丁目15番3号　COMCITY 7階,https://www.kodomo-how.com/event/2026/10/
167,イベント,八幡西区,遊ぶ,７月,たのしい親子体操,7/10 13:30～14:00　要予約,,,北九州市立こどもの館,北九州市八幡西区黒崎三丁目15番3号　COMCITY 7階,https://www.kodomo-how.com/event/2026/11/
168,イベント,八幡西区,遊ぶ,７月,選べる夏の工作,7/11 13:00～15:30,,,北九州市立こどもの館,北九州市八幡西区黒崎三丁目15番3号　COMCITY 7階,https://www.kodomo-how.com/event/2026/12/
169,イベント,八幡西区,遊ぶ,７月,HOW!?くんからプレゼント,7/12 10:00～,,,北九州市立こどもの館,北九州市八幡西区黒崎三丁目15番3号　COMCITY 7階,https://www.kodomo-how.com/event/2026/13/
170,イベント,八幡西区,遊ぶ,７月,家族で子育て集中講座,7/12 10:15～13:00,,,北九州市立こどもの館,北九州市八幡西区黒崎三丁目15番3号　COMCITY 7階,https://www.kodomo-how.com/event/2026/14/
171,イベント,八幡西区,遊ぶ,７月,ストラックアウト大会～花火ver.～,7/12 1回目13:00〜　2回目15:00〜,,,北九州市立こどもの館,北九州市八幡西区黒崎三丁目15番3号　COMCITY 7階,https://www.kodomo-how.com/event/2026/15/
172,イベント,八幡西区,遊ぶ,７月,ベビーマッサージ,7/13 13:30～14:30,,,北九州市立こどもの館,北九州市八幡西区黒崎三丁目15番3号　COMCITY 7階,https://www.kodomo-how.com/event/2026/16/
173,イベント,八幡西区,遊ぶ,７月,パパママ救命救急教室,7/13 14：30〜15：30,,,北九州市立こどもの館,北九州市八幡西区黒崎三丁目15番3号　COMCITY 7階,https://www.kodomo-how.com/event/2026/17/
174,イベント,八幡西区,遊ぶ,７月,親子リズム体操,7/14 13：30〜14：30,,,北九州市立こどもの館,北九州市八幡西区黒崎三丁目15番3号　COMCITY 7階,https://www.kodomo-how.com/event/2026/18/
175,イベント,八幡西区,遊ぶ,７月,楽しく挑戦！皿回し！,7/18  ①13：00〜14：00　②15：00～16：00,,,北九州市立こどもの館,北九州市八幡西区黒崎三丁目15番3号　COMCITY 7階,https://www.kodomo-how.com/event/2026/19/
176,イベント,八幡西区,遊ぶ,７月,出張こども大工,7/18  ①13:00〜14:00　②14：00～15：00　③15：00～16：00　要予約,,,北九州市立こどもの館,北九州市八幡西区黒崎三丁目15番3号　COMCITY 7階,https://www.kodomo-how.com/event/2026/20/
177,イベント,八幡西区,遊ぶ,７月,列車体験JR in 子どもの館,7/19  13：00～16：00,,,北九州市立こどもの館,北九州市八幡西区黒崎三丁目15番3号　COMCITY 7階,https://www.kodomo-how.com/event/2026/21/
178,イベント,八幡西区,遊ぶ,７月,保育士ボクサーが教える個性を伸ばす運動教室,7/19  13:30〜14:30（受付13：00～）要予約,,,北九州市立こどもの館,北九州市八幡西区黒崎三丁目15番3号　COMCITY 7階,https://www.kodomo-how.com/event/2026/22/
179,イベント,八幡西区,遊ぶ,７月,保育士ボクサーが教える個性を伸ばす運動教室,8/23  13:30〜14:30（受付13：00～）要予約,,,北九州市立こどもの館,北九州市八幡西区黒崎三丁目15番3号　COMCITY 7階,https://www.kodomo-how.com/event/2026/23/
180,イベント,八幡西区,遊ぶ,７月,さかなつりゲーム,7/20  1回目13：00〜　2回目15：00〜,,,北九州市立こどもの館,北九州市八幡西区黒崎三丁目15番3号　COMCITY 7階,https://www.kodomo-how.com/event/2026/24/
181,イベント,八幡西区,遊ぶ,７月,初心者でもカンタン！カズ山本館長の野球教室,7/20  13：00〜14：30 要予約,,,北九州市立こどもの館,北九州市八幡西区黒崎三丁目15番3号　COMCITY 7階,https://www.kodomo-how.com/event/2026/25/
182,イベント,八幡西区,遊ぶ,７月,紙飛行機を作って飛ばそう！,7/21  13：00〜15：00,,,北九州市立こどもの館,北九州市八幡西区黒崎三丁目15番3号　COMCITY 7階,https://www.kodomo-how.com/event/2026/26/
183,イベント,八幡西区,遊ぶ,７月,誰でもできるスポーツチャレンジ,7/22-7/24  13：00〜15：00,,,北九州市立こどもの館,北九州市八幡西区黒崎三丁目15番3号　COMCITY 7階,https://www.kodomo-how.com/event/2026/27/
184,イベント,八幡西区,遊ぶ,７月,サイバーカッセンに挑戦！,7/25  13：00～16：00（受付は15：45まで）,,,北九州市立こどもの館,北九州市八幡西区黒崎三丁目15番3号　COMCITY 7階,https://www.kodomo-how.com/event/2026/28/
185,イベント,八幡西区,遊ぶ,７月,折り紙であそぼう,7/25  13：00〜16：00,,,北九州市立こどもの館,北九州市八幡西区黒崎三丁目15番3号　COMCITY 7階,https://www.kodomo-how.com/event/2026/29/
186,イベント,八幡西区,学ぶ,７月,読書感想文書き方教室,①10：30～11：30　②13：00〜14：00　要予約,,,北九州市立こどもの館,北九州市八幡西区黒崎三丁目15番3号　COMCITY 7階,https://www.kodomo-how.com/event/2026/30/
187,イベント,八幡西区,遊ぶ,７月,移動水族館がやってくる！,7/26 13：00〜16：00(10分総入れ替え制),,,北九州市立こどもの館,北九州市八幡西区黒崎三丁目15番3号　COMCITY 7階,https://www.kodomo-how.com/event/2026/31/
188,イベント,八幡西区,遊ぶ,７月,フリスビーキャッチ,7/27 1回目13：00〜　2回目15：00〜,,,北九州市立こどもの館,北九州市八幡西区黒崎三丁目15番3号　COMCITY 7階,https://www.kodomo-how.com/event/2026/31/
189,イベント,八幡西区,遊ぶ,７月,風船スクイーズ作り,7/28 13：00〜15：30（受付は15:15まで）,,,北九州市立こどもの館,北九州市八幡西区黒崎三丁目15番3号　COMCITY 7階,https://www.kodomo-how.com/event/2026/31/
190,イベント,八幡西区,遊ぶ,７月,バランスヤジロベエ作り,7/29 13：00〜15：30（受付は15:15まで）,,,北九州市立こどもの館,北九州市八幡西区黒崎三丁目15番3号　COMCITY 7階,https://www.kodomo-how.com/event/2026/31/
191,イベント,八幡西区,遊ぶ,７月,激アツsummer陣取り合戦～築城ver.～,7/30-31 1回目13：00〜　2回目15：00〜,,,北九州市立こどもの館,北九州市八幡西区黒崎三丁目15番3号　COMCITY 7階,https://www.kodomo-how.com/event/2026/32/
192,イベント,小倉北区,遊ぶ,７月,大人気！でこぼこハイハイレース　※ネット予約可,7/4 11:00～12:00,,,元気のもり,北九州市小倉北区浅野3丁目8番1号AIMビル3階,https://www.kosodate-fureai.jp/event/2026/07
193,イベント,小倉北区,遊ぶ,７月,キッズ＆ベビマ✕リトミック：ドルチェ,7/5 10:45～11:45,,,元気のもり,北九州市小倉北区浅野3丁目8番1号AIMビル3階,https://www.kosodate-fureai.jp/event/2026/07
194,イベント,小倉北区,遊ぶ,７月,身体測定「どれだけおおきくなったかな？」,7/6 10:00～18:00,,,元気のもり,北九州市小倉北区浅野3丁目8番1号AIMビル3階,https://www.kosodate-fureai.jp/event/2026/07
195,イベント,小倉北区,遊ぶ,７月,ママを応援！はたらく前のミニ相談会,7/6 11:15～12:15,,,元気のもり,北九州市小倉北区浅野3丁目8番1号AIMビル3階,https://www.kosodate-fureai.jp/event/2026/07
196,イベント,小倉北区,遊ぶ,７月,ママと赤ちゃんのにこにこタイム,7/6 11:30～12:00,,,元気のもり,北九州市小倉北区浅野3丁目8番1号AIMビル3階,https://www.kosodate-fureai.jp/event/2026/07
197,イベント,小倉北区,遊ぶ,７月,パパ・ママ離乳食教室　※ネット予約可,7/10 13:30～15:30（受付13:15～）,,,元気のもり,北九州市小倉北区浅野3丁目8番1号AIMビル3階,https://www.kosodate-fureai.jp/event/2026/07
198,イベント,小倉北区,遊ぶ,７月,いろいろビーチボールあそび,7/11 10:00～18:00,,,元気のもり,北九州市小倉北区浅野3丁目8番1号AIMビル3階,https://www.kosodate-fureai.jp/event/2026/07
199,イベント,小倉北区,遊ぶ,７月,小児外科医 ありま先生の子育て相談,7/11 15:30～16:30,,,元気のもり,北九州市小倉北区浅野3丁目8番1号AIMビル3階,https://www.kosodate-fureai.jp/event/2026/07
200,イベント,小倉北区,遊ぶ,７月,いろいろビーチボールあそび,7/12 10:00～18:00,,,元気のもり,北九州市小倉北区浅野3丁目8番1号AIMビル3階,https://www.kosodate-fureai.jp/event/2026/07
201,イベント,小倉北区,遊ぶ,７月,親子でもぐもぐクッキング「麻婆豆腐とフルーツサラダ」　※ネット予約可,7/12 11:00～13:00,,,元気のもり,北九州市小倉北区浅野3丁目8番1号AIMビル3階,https://www.kosodate-fureai.jp/event/2026/07
202,イベント,小倉北区,遊ぶ,７月,身体測定「どれだけおおきくなったかな？」,7/13 10:00～18:00,,,元気のもり,北九州市小倉北区浅野3丁目8番1号AIMビル3階,https://www.kosodate-fureai.jp/event/2026/07
203,イベント,小倉北区,遊ぶ,７月,ママと赤ちゃんのにこにこタイム,7/13 11:30～11:45,,,元気のもり,北九州市小倉北区浅野3丁目8番1号AIMビル3階,https://www.kosodate-fureai.jp/event/2026/07
204,イベント,小倉北区,遊ぶ,７月,読み聞かせ「絵本のとびら」,7/14 13:00～13:15,,,元気のもり,北九州市小倉北区浅野3丁目8番1号AIMビル3階,https://www.kosodate-fureai.jp/event/2026/07
205,イベント,小倉北区,遊ぶ,７月,もしもの時のために！ パパママ救急教室　※ネット予約可,7/15 13:00～13:45,,,元気のもり,北九州市小倉北区浅野3丁目8番1号AIMビル3階,https://www.kosodate-fureai.jp/event/2026/07
206,イベント,小倉北区,遊ぶ,７月,ハイハイよちよちレース　※ネット予約可,7/16 11:00～12:00,,,元気のもり,北九州市小倉北区浅野3丁目8番1号AIMビル3階,https://www.kosodate-fureai.jp/event/2026/07
207,イベント,小倉北区,遊ぶ,７月,身体測定「どれだけおおきくなったかな？」,7/20 10:00～18:00,,,元気のもり,北九州市小倉北区浅野3丁目8番1号AIMビル3階,https://www.kosodate-fureai.jp/event/2026/07
208,イベント,小倉北区,遊ぶ,７月,ベビーマッサージ教室　※ネット予約可,7/22 11:00～12:00,,,元気のもり,北九州市小倉北区浅野3丁目8番1号AIMビル3階,https://www.kosodate-fureai.jp/event/2026/07
209,イベント,小倉北区,遊ぶ,７月,元気もりもり♪Let’s ダンス！,7/25 14:00～14:15,,,元気のもり,北九州市小倉北区浅野3丁目8番1号AIMビル3階,https://www.kosodate-fureai.jp/event/2026/07
210,イベント,小倉北区,遊ぶ,７月,身体測定「どれだけおおきくなったかな？」,7/27 10:00～18:00,,,元気のもり,北九州市小倉北区浅野3丁目8番1号AIMビル3階,https://www.kosodate-fureai.jp/event/2026/07
211,イベント,小倉北区,遊ぶ,７月,おりがみ工房～くわがた～,7/27 13:30～14:00,,,元気のもり,北九州市小倉北区浅野3丁目8番1号AIMビル3階,https://www.kosodate-fureai.jp/event/2026/07
212,イベント,小倉北区,遊ぶ,７月,ママを応援！はたらく前のミニ相談会,7/30 11:15～12:15,,,元気のもり,北九州市小倉北区浅野3丁目8番1号AIMビル3階,https://www.kosodate-fureai.jp/event/2026/07
213,イベント,小倉北区,遊ぶ,７月,一緒にあそぼう,7/30 11:30～12:00,,,元気のもり,北九州市小倉北区浅野3丁目8番1号AIMビル3階,https://www.kosodate-fureai.jp/event/2026/07
214,イベント,小倉北区,遊ぶ,8月,あや先生のサマーリトミック：ドルチェ,8/2 10:45～11:45,,,元気のもり,北九州市小倉北区浅野3丁目8番1号AIMビル3階,https://www.kosodate-fureai.jp/event/2026/08
215,お得にお出かけ！,全て,お出かけ,"７月,８月",きっぷ,,,,テスト,,
216,お得にお出かけ！,全て,お出かけ,"７月,８月",バス,,,,テスト,,
217,お得にお出かけ！,全て,お出かけ,"７月,８月",バス,,,,テスト,,
218,お得にお出かけ！,全て,お出かけ,"７月,８月",モノレール,,,,テスト,,
